{"epoch": 11, "train_loss": 0.41682717204093933, "raw_loss": 0.3038594126701355, "wd_0": 0.01, "sqr_mom_0": 0.99, "lr_0": 1.4612700375085403e-08, "mom_0": 0.949991258112331, "eps_0": 1e-05, "_timestamp": 1649849811, "_runtime": 109, "_step": 264, "valid_loss": 0.34330376982688904, "accuracy": 0.9791666865348816, "_wandb": {"runtime": 109}}