{"epoch": 11, "train_loss": 0.48264163732528687, "raw_loss": 0.7929353713989258, "wd_0": 0.01, "sqr_mom_0": 0.99, "lr_0": 1.4612700375085403e-08, "mom_0": 0.949991258112331, "eps_0": 1e-05, "_timestamp": 1649849629, "_runtime": 106, "_step": 264, "valid_loss": 0.3810882866382599, "accuracy": 0.9583333134651184, "_wandb": {"runtime": 105}}