{"epoch": 11, "train_loss": 0.4903571903705597, "raw_loss": 0.6256425380706787, "wd_0": 0.01, "sqr_mom_0": 0.99, "lr_0": 1.4612700375085403e-08, "mom_0": 0.949991258112331, "eps_0": 1e-05, "_timestamp": 1649848553, "_runtime": 98, "_step": 264, "valid_loss": 0.3836195170879364, "accuracy": 0.9791666865348816, "_wandb": {"runtime": 98}}